6853,"ABIDE WITH ME","Christmas Songs"
6854,"AMAZING GRACE","Christmas Songs"
6855,"ANGELS ARE WATCHING OVER ME","Christmas Songs"
6856,"ANGELS FROM THE REALMS OF GLORY","Christmas Songs"
6857,"ANGELS WE HAVE HEARD ON HIGH","Christmas Songs"
6858,"AWAY IN A MANGER","Christmas Songs"
6859,"CHRISTMAS IS BORN IN THE ANGELS SING","Christmas Songs"
6860,"CHRISTMAS SONG","Christmas Songs"
6861,"COUNT YOUR BLESSINGS","Christmas Songs"
6862,"CROWN HIM WITH MANY CROWNS","Christmas Songs"
6863,"DRY BONES","Christmas Songs"
6864,"EZEKIEL'S WHEEL","Christmas Songs"
6865,"FELIZ NAVIDAD","Christmas Songs"
6866,"FOR THE PEACE OF ALL MANKIND","Christmas Songs"
6867,"FRIENDSHIP,PEACE (A HOLY TREAT)","Christmas Songs"
6868,"FROSTY THE SNOWMAN","Christmas Songs"
6869,"GOD REST YE MERRY GENTLEMAN","Christmas Songs"
6870,"HALLELUJAH CHORUS","Christmas Songs"
6871,"HARK THE HERALD ANGELS SING","Christmas Songs"
6872,"HAVE YOURSELF A MERRY LITTLE CHRISTMAS","Christmas Songs"
6873,"HOLY HOLY HOLY","Christmas Songs"
6874,"I SAW MOMMY KISSING SANTA CLAUS","Christmas Songs"
6875,"I WILL FOLLOW HIM","Christmas Songs"
6876,"IT CAME UPON THE MIDNIGHT CLEAR","Christmas Songs"
6877,"JINGLE BELL ROCK","Christmas Songs"
6878,"JINGLE BELLS","Christmas Songs"
6879,"JOLLY OLD ST. NICHOLAS","Christmas Songs"
6880,"JOY TO THE WORLD","Christmas Songs"
6881,"JUST AS I AM","Christmas Songs"
6882,"LAST CHRISTMAS","Christmas Songs"
6883,"LEAD KINDLY LIGHT","Christmas Songs"
6884,"LITTLE DAVID,PLAY ON YOUR HARP","Christmas Songs"
6885,"MERRY CHRISTMAS DARLING","Christmas Songs"
6886,"MERRY CHRISTMAS TO YOU","Christmas Songs"
6887,"MISS KITA KUNG CHRISTMAS","Christmas Songs"
6888,"MISTER SANTA","Christmas Songs"
6889,"NEAR THE CROSS JESUS KEEP ME","Christmas Songs"
6890,"NEARER MY GOD TO THEE","Christmas Songs"
6891,"NOAH'S ARKY ARKY","Christmas Songs"
6892,"O COME ALL YE FAITHFUL","Christmas Songs"
6893,"O COME O COME EMMANUEL","Christmas Songs"
6894,"O LITTLE TOWN OF BETHLEHEM","Christmas Songs"
6895,"O,CHRISTMAS TREE","Christmas Songs"
6896,"ON THE DAY OF JESUS' BIRTH","Christmas Songs"
6897,"ONCE IN ROYAL  DAVID'S CITY","Christmas Songs"
6898,"ONWARD CHRISTIAN SOLDIERS","Christmas Songs"
6899,"PRAISE HIM PRAISE HIM","Christmas Songs"
6900,"ROCKIN' AROUND THE CHRISTMAS TREE","Christmas Songs"
6901,"RUDOLPH THE REDNOSED REINDEER","Christmas Songs"
6902,"SANTA CLAUS IS COMIN' TO TOWN","Christmas Songs"
6903,"SILENT NIGHT","Christmas Songs"
6904,"SILVER BELLS","Christmas Songs"
6905,"THE CHRISTMAS SONG","Christmas Songs"
6906,"THE EXODUS SONG","Christmas Songs"
6907,"THE FIRST NOEL","Christmas Songs"
6908,"THE FIRST NOEL,THE ANGEL DID SAY","Christmas Songs"
6909,"THE LITTLE DRUMMER BOY","Christmas Songs"
6910,"THE MOST WONDERFUL DAY OF THE YEAR","Christmas Songs"
6911,"THE TWELVE DAYS OF CHRISTMAS","Christmas Songs"
6912,"UP ON THE HOUSETOP","Christmas Songs"
6913,"WE THREE KINGS OF ORIENT ARE","Christmas Songs"
6914,"WE WISH YOU A MERRY CHRISTMAS","Christmas Songs"
6915,"WHAT A FRIEND WE HAVE IN JESUS","Christmas Songs"
6916,"WHAT CHILD IS THIS?","Christmas Songs"
6917,"WHEN SANTA CLAUS GETS YOUR LETTER","Christmas Songs"
6918,"WHEN THE SAINTS GO MARCHIN' IN","Christmas Songs"
6919,"WHILE SHEPHERDS WATCHED THEIR FLOCKS","Christmas Songs"
6920,"WHITE CHRISTMAS","Christmas Songs"
6921,"WHO BUILT THE ARK?","Christmas Songs"
6922,"WINTER WONDERLAND","Christmas Songs"